Jornada Internacional de Comercio Electrónico y Community ManagementJornada Internacional de Comercio Electrónico y Community Management,mañana a las 15:30
Jornada Internacional de Comercio Electrónico y Community ManagementJornada Internacional de Comercio Electrónico y Community Management,mañana a las 15:30
Laboratorios Digitales para EmprendedorasLaboratorios Digitales para Emprendedoras,mañana a las 16:30 + 1 evento más
Laboratorios Digitales para EmprendedorasLaboratorios Digitales para Emprendedoras,mañana a las 16:30 + 1 evento más
14ta. Jornada de Higiene y Seguridad Laboral14ta. Jornada de Higiene y Seguridad Laboral,mañana a las 16:30
14ta. Jornada de Higiene y Seguridad Laboral14ta. Jornada de Higiene y Seguridad Laboral,mañana a las 16:30
Inauguración del Centro de Servicios CÓRDOBAInauguración del Centro de Servicios CÓRDOBA,"jue., nov. 24, 18:30"
Inauguración del Centro de Servicios CÓRDOBAInauguración del Centro de Servicios CÓRDOBA,"jue., nov. 24, 18:30"
GEW 2022 + Entrepreneurship World CupGEW 2022 + Entrepreneurship World Cup,"vie., nov. 18, 16:00"
GEW 2022 + Entrepreneurship World CupGEW 2022 + Entrepreneurship World Cup,"vie., nov. 18, 16:00"
III Semana de la Legislación Escolar - Dia 1III Semana de la Legislación Escolar - Dia 1,"lun., nov. 28, 18:30"
III Semana de la Legislación Escolar - Dia 1III Semana de la Legislación Escolar - Dia 1,"lun., nov. 28, 18:30"
Charla Taller ¿Cómo utilizar correctamente una Tarjeta de Crédito?Charla Taller ¿Cómo utilizar correctamente una Tarjeta de Crédito?,"jue., dic. 15, 17:00"
Charla Taller ¿Cómo utilizar correctamente una Tarjeta de Crédito?Charla Taller ¿Cómo utilizar correctamente una Tarjeta de Crédito?,"jue., dic. 15, 17:00"
COMPLIANCE Y CRITERIOS PARA DETERMINACIÓN DE SANC. A PERSONAS JURÍDICASCOMPLIANCE Y CRITERIOS PARA DETERMINACIÓN DE SANC. A PERSONAS JURÍDICAS,"jue., nov. 24, 18:00"
COMPLIANCE Y CRITERIOS PARA DETERMINACIÓN DE SANC. A PERSONAS JURÍDICASCOMPLIANCE Y CRITERIOS PARA DETERMINACIÓN DE SANC. A PERSONAS JURÍDICAS,"jue., nov. 24, 18:00"
Reunión Informativa Online: Maestría en AgronegociosReunión Informativa Online: Maestría en Agronegocios,mañana a las 18:30
Reunión Informativa Online: Maestría en AgronegociosReunión Informativa Online: Maestría en Agronegocios,mañana a las 18:30
Encuentro para Comercios y Pymes: Controlá tus ingresos y gastos.Encuentro para Comercios y Pymes: Controlá tus ingresos y gastos.,"mié., nov. 23, 17:00"
Encuentro para Comercios y Pymes: Controlá tus ingresos y gastos.Encuentro para Comercios y Pymes: Controlá tus ingresos y gastos.,"mié., nov. 23, 17:00"
Conversatorio: Narrativas para la Investigación en la EscuelaConversatorio: Narrativas para la Investigación en la Escuela,"mié., nov. 23, 18:00"
Conversatorio: Narrativas para la Investigación en la EscuelaConversatorio: Narrativas para la Investigación en la Escuela,"mié., nov. 23, 18:00"
Reunión Tribuna PeronistaReunión Tribuna Peronista,"sáb., dic. 10, 22:00"
Reunión Tribuna PeronistaReunión Tribuna Peronista,"sáb., dic. 10, 22:00"
MQH en el Cine Club Municipal. ¡Despedimos el año!MQH en el Cine Club Municipal. ¡Despedimos el año!,"mié., dic. 14, 9:00"
MQH en el Cine Club Municipal. ¡Despedimos el año!MQH en el Cine Club Municipal. ¡Despedimos el año!,"mié., dic. 14, 9:00"
The Job Hunting Accelerator Bootcamp -Land Your Dream Job  — Cordoba The Job Hunting Accelerator Bootcamp -Land Your Dream Job  — Cordoba ,"sáb., nov. 19, 13:00"
The Job Hunting Accelerator Bootcamp -Land Your Dream Job  — Cordoba The Job Hunting Accelerator Bootcamp -Land Your Dream Job  — Cordoba ,"sáb., nov. 19, 13:00"
Así    tocó   ZARATUSTRA            (bini-graff-de la torre)Así    tocó   ZARATUSTRA            (bini-graff-de la torre),"mié., dic. 28, 22:00"
Así    tocó   ZARATUSTRA            (bini-graff-de la torre)Así    tocó   ZARATUSTRA            (bini-graff-de la torre),"mié., dic. 28, 22:00"
Presentación del Observatorio de Transferencia TecnológicaPresentación del Observatorio de Transferencia Tecnológica,"mié., nov. 23, 17:00"
Presentación del Observatorio de Transferencia TecnológicaPresentación del Observatorio de Transferencia Tecnológica,"mié., nov. 23, 17:00"
Córdoba - New Year Eve's Meditation with Sahaja Yoga MeditationCórdoba - New Year Eve's Meditation with Sahaja Yoga Meditation,"sáb., dic. 31, 20:45"
Córdoba - New Year Eve's Meditation with Sahaja Yoga MeditationCórdoba - New Year Eve's Meditation with Sahaja Yoga Meditation,"sáb., dic. 31, 20:45"
5° FECHA SUQUI BIKES 20225° FECHA SUQUI BIKES 2022,
5° FECHA SUQUI BIKES 20225° FECHA SUQUI BIKES 2022,
Noche de los Museos en Plaza Cielo Tierra - Viernes 18 de NoviembreNoche de los Museos en Plaza Cielo Tierra - Viernes 18 de Noviembre,"vie., nov. 18, 20:00"
Noche de los Museos en Plaza Cielo Tierra - Viernes 18 de NoviembreNoche de los Museos en Plaza Cielo Tierra - Viernes 18 de Noviembre,"vie., nov. 18, 20:00"
LUQUE CORRELUQUE CORRE,"sáb., dic. 17, 18:00"
LUQUE CORRELUQUE CORRE,"sáb., dic. 17, 18:00"
