Laboratorios Digitales para EmprendedorasLaboratorios Digitales para Emprendedoras,mañana a las 16:30
Laboratorios Digitales para EmprendedorasLaboratorios Digitales para Emprendedoras,mañana a las 16:30
Jornada Abierta de TecnologíaJornada Abierta de Tecnología,"jue., dic. 1, 16:30"
Jornada Abierta de TecnologíaJornada Abierta de Tecnología,"jue., dic. 1, 16:30"
Inauguración del Centro de Servicios CÓRDOBAInauguración del Centro de Servicios CÓRDOBA,mañana a las 18:30
Inauguración del Centro de Servicios CÓRDOBAInauguración del Centro de Servicios CÓRDOBA,mañana a las 18:30
COMPLIANCE Y CRITERIOS PARA DETERMINACIÓN DE SANC. A PERSONAS JURÍDICASCOMPLIANCE Y CRITERIOS PARA DETERMINACIÓN DE SANC. A PERSONAS JURÍDICAS,mañana a las 18:00
COMPLIANCE Y CRITERIOS PARA DETERMINACIÓN DE SANC. A PERSONAS JURÍDICASCOMPLIANCE Y CRITERIOS PARA DETERMINACIÓN DE SANC. A PERSONAS JURÍDICAS,mañana a las 18:00
Presentación del Observatorio de Transferencia TecnológicaPresentación del Observatorio de Transferencia Tecnológica,hoy a las 17:00
Presentación del Observatorio de Transferencia TecnológicaPresentación del Observatorio de Transferencia Tecnológica,hoy a las 17:00
Conversatorio: Narrativas para la Investigación en la EscuelaConversatorio: Narrativas para la Investigación en la Escuela,hoy a las 18:00
Conversatorio: Narrativas para la Investigación en la EscuelaConversatorio: Narrativas para la Investigación en la Escuela,hoy a las 18:00
III Semana de la Legislación Escolar - Dia 1III Semana de la Legislación Escolar - Dia 1,"lun., nov. 28, 18:30"
III Semana de la Legislación Escolar - Dia 1III Semana de la Legislación Escolar - Dia 1,"lun., nov. 28, 18:30"
Charla Taller ¿Cómo utilizar correctamente una Tarjeta de Crédito?Charla Taller ¿Cómo utilizar correctamente una Tarjeta de Crédito?,"jue., dic. 15, 17:00"
Charla Taller ¿Cómo utilizar correctamente una Tarjeta de Crédito?Charla Taller ¿Cómo utilizar correctamente una Tarjeta de Crédito?,"jue., dic. 15, 17:00"
Encuentro para Comercios y Pymes: Controlá tus ingresos y gastos.Encuentro para Comercios y Pymes: Controlá tus ingresos y gastos.,"mar., nov. 29, 17:00"
Encuentro para Comercios y Pymes: Controlá tus ingresos y gastos.Encuentro para Comercios y Pymes: Controlá tus ingresos y gastos.,"mar., nov. 29, 17:00"
Status y rol del juez y su proyección socialStatus y rol del juez y su proyección social,mañana a las 16:00
Status y rol del juez y su proyección socialStatus y rol del juez y su proyección social,mañana a las 16:00
Cierre de Ciclo 2022 en Espacio Cultural UTN FRC  con Orquesta Mark TwainCierre de Ciclo 2022 en Espacio Cultural UTN FRC  con Orquesta Mark Twain,"jue., dic. 1, 19:00"
Cierre de Ciclo 2022 en Espacio Cultural UTN FRC  con Orquesta Mark TwainCierre de Ciclo 2022 en Espacio Cultural UTN FRC  con Orquesta Mark Twain,"jue., dic. 1, 19:00"
Reunión Tribuna PeronistaReunión Tribuna Peronista,"sáb., dic. 10, 22:00"
Reunión Tribuna PeronistaReunión Tribuna Peronista,"sáb., dic. 10, 22:00"
MQH en el Cine Club Municipal. ¡Despedimos el año!MQH en el Cine Club Municipal. ¡Despedimos el año!,"mié., dic. 14, 9:00"
MQH en el Cine Club Municipal. ¡Despedimos el año!MQH en el Cine Club Municipal. ¡Despedimos el año!,"mié., dic. 14, 9:00"
e-TDI en el Workshop de ACAVe-TDI en el Workshop de ACAV,"mar., nov. 29, 16:00"
e-TDI en el Workshop de ACAVe-TDI en el Workshop de ACAV,"mar., nov. 29, 16:00"
Así    tocó   ZARATUSTRA            (bini-graff-de la torre)Así    tocó   ZARATUSTRA            (bini-graff-de la torre),"mié., dic. 28, 22:00"
Así    tocó   ZARATUSTRA            (bini-graff-de la torre)Así    tocó   ZARATUSTRA            (bini-graff-de la torre),"mié., dic. 28, 22:00"
"Bestseller Book Bootcamp -Write, Market & Publish Your Book  — Cordoba Bestseller Book Bootcamp -Write, Market & Publish Your Book  — Cordoba ","sáb., nov. 26, 13:00"
"Bestseller Book Bootcamp -Write, Market & Publish Your Book  — Cordoba Bestseller Book Bootcamp -Write, Market & Publish Your Book  — Cordoba ","sáb., nov. 26, 13:00"
5° FECHA SUQUI BIKES 20225° FECHA SUQUI BIKES 2022,
5° FECHA SUQUI BIKES 20225° FECHA SUQUI BIKES 2022,
The Job Hunting Accelerator Bootcamp -Land Your Dream Job  — Cordoba The Job Hunting Accelerator Bootcamp -Land Your Dream Job  — Cordoba ,"sáb., nov. 26, 13:00"
The Job Hunting Accelerator Bootcamp -Land Your Dream Job  — Cordoba The Job Hunting Accelerator Bootcamp -Land Your Dream Job  — Cordoba ,"sáb., nov. 26, 13:00"
International Security Day!International Security Day!,"mié., nov. 30, 18:30"
International Security Day!International Security Day!,"mié., nov. 30, 18:30"
The Job Hunting Accelerator Bootcamp -Land Your Dream Job  — Cordoba The Job Hunting Accelerator Bootcamp -Land Your Dream Job  — Cordoba ,"sáb., dic. 3, 13:00"
The Job Hunting Accelerator Bootcamp -Land Your Dream Job  — Cordoba The Job Hunting Accelerator Bootcamp -Land Your Dream Job  — Cordoba ,"sáb., dic. 3, 13:00"
